<?xml version="1.0" encoding="UTF-8"?>
<beans xmlns="http://www.springframework.org/schema/beans"
       xmlns:xsi="http://www.w3.org/2001/XMLSchema-instance"
       xmlns:context="http://www.springframework.org/schema/context"
       xsi:schemaLocation="http://www.springframework.org/schema/beans 
           http://www.springframework.org/schema/beans/spring-beans-3.0.xsd
           http://www.springframework.org/schema/context
           http://www.springframework.org/schema/context/spring-context-3.0.xsd">
           
           
	<bean class="org.springframework.jdbc.datasource.DriverManagerDataSource" name="ds">
		<property name="driverClassName" value="com.mysql.cj.jdbc.Driver"/>
		<property name="url" value="jdbc:mysql://localhost:3306/Book"/>
		<property name="username" value="root"/>
		<property name="password" value="28022002"/>
	</bean>
		
	<bean class="org.springframework.jdbc.core.JdbcTemplate" name="thisIsTemplate">
		<property name="dataSource">
			<ref bean="ds"/>
		</property>
	</bean>
	
	<bean class="com.avdhoot.spring.finalTest.dao.BookDaoImpl" name="BookDao">
		<property name="jdbcTemp" ref="thisIsTemplate"/>
	</bean>
	
</beans>